"","hr","r","rbi","sb","xavg","zsum"
"Mike Trout",2.23348527429829,2.54913990097195,2.06019966156166,1.57719909265033,2.57994317196831,10.9999671014505
"Andrew McCutchen",1.00586453818398,1.25122420610108,1.31254273755363,0.1371147124426,1.00890240569483,4.71564859997613
"Giancarlo Stanton",2.54427533407407,0.822725723105428,1.81864896303599,-0.467720727244645,-0.220205029257494,4.49772426371335
"Paul Goldschmidt",1.34773360393734,1.8660263773557,1.81864896303599,1.51959571744202,1.94077308586081,8.49277774763186
"Carlos Gomez",0.244428891733336,0.555690436600894,0.294579079481168,1.43319065462956,-0.646355221046591,1.88153384139836
"Edwin Encarnacion",2.32672229223103,1.44994814024399,2.24423828900979,-0.669332540473727,0.103289274769529,5.4548654557806
"Jose Bautista",1.70514217267948,1.22017359139125,1.44482050103198,-0.467720727244645,-0.737787858810374,3.16462767904768
"Jose Abreu",1.50312863382522,0.859986460757224,1.74963447774294,-0.770138447088268,1.65161323104882,4.99422435628594
"Miguel Cabrera",1.76730018463463,1.37542666494039,1.9049170696523,-0.8133409784945,2.81931427240943,7.05361721314226
"Robinson Cano",1.23895708301581,1.38163678788236,1.53683981475604,-0.582927477661264,1.98881080420482,5.56331701219777
"Anthony Rizzo",2.00039272946646,1.68593281203869,2.1809750108245,-0.00689372557817235,1.31886161246776,7.17926843921923
"Troy Tulowitzki",0.80385099932973,0.356966502457985,0.662656334377427,-0.755737603286191,-0.0127455481775547,1.0549906847014
"Adam Jones",1.58082614876917,1.3195355584627,1.1285041101055,-0.554125790057109,0.509088129938196,3.98382815721846
"Yasiel Puig",0.275507897710913,0.238974166560633,0.380847186097478,-0.165303007401022,0.645250415886336,1.37527665885434
"Adrian Beltre",0.92816702324004,0.891037075467053,1.43331808681647,-0.755737603286191,1.70041507688995,4.19719965912732
"Freddie Freeman",1.59636565175796,1.66730244321279,1.49083015789401,-0.381315664432182,1.51580883500706,5.88899142343964
"Jose Altuve",0.151191873800604,1.79771502499408,0.863948583148819,2.71486575301443,4.12570912321525,9.65343035817318
"Anthony Rendon",0.430902927598801,1.23880396021714,0.898455825795343,0.252321462859219,0.529955034894604,3.35043921136511
"Michael Brantley",-0.485927748739734,-0.164683824667152,0.386598393205232,0.266722306661296,1.41884286516556,1.4215519916252
"Jacoby Ellsbury",-0.641322778627621,0.543270190716962,-0.320800081048515,1.46199234223371,-0.0669646553305284,0.976175017944007
"Ian Desmond",0.617376963464266,0.605371420136621,0.760426855209246,0.799553527338156,0.782937471505815,3.5656662376541
"Ryan Braun",1.27003608899339,0.934507936060815,1.29528911623037,0.756350995931924,1.19572512267676,5.45190925989326
"Buster Posey",0.151191873800604,0.686103018382178,1.07099203902796,-0.510923258650877,2.04741601005235,3.44477968261222
"Hanley Ramirez",1.22341758002703,0.828935846047394,1.68061999244989,0.0363088058280595,0.858742399930305,4.62802462428268
"Josh Donaldson",2.2179457713095,2.16411227857007,2.03144362602289,-0.222906382609332,0.980698991165434,7.17129428445856
"Justin Upton",1.68960266969069,1.19533309962338,1.34704998020016,0.367528213275837,-0.446765316560488,4.15274864622958
"Corey Dickerson",0.710613981396998,0.0526704783016552,0.386598393205232,-0.626130009067495,-0.345391768172537,0.178361075663853
"Bryce Harper",1.96931372348888,1.83497576264587,1.70937602798866,0.770751839734001,1.19056272235886,7.47498007621628
"Starling Marte",-0.0663611680424385,0.953138304886712,0.541880985114592,3.42050709931622,1.86962274995526,6.71878797123034
"Evan Longoria",1.54974714279159,0.953138304886712,1.46207412235524,-0.683733384275805,0.255610506490515,3.53683669224825
"Jose Reyes",-0.796717808515509,-0.0342712428858676,-0.803901478099855,1.04436787197347,-0.0634096692140831,-0.653932326741846
"George Springer",1.50312863382522,1.94054785265929,0.85244616893331,0.482734963692455,0.0954372891106283,4.87429490822091
"Victor Martinez",0.601837460475477,0.11033590561991,1.01923117505818,-0.803054661493016,0.824092878842913,1.75244275850346
"Yoenis Cespedes",1.86053720256736,1.18912297668142,1.68061999244989,-0.352513976828027,0.555063133867651,4.9328293287383
"Albert Pujols",1.54974714279159,0.543270190716962,1.78414172038947,-0.510923258650877,-0.00340639628149295,3.36282939896565
"Carlos Gonzalez",1.75176068164584,1.17670273079749,1.76113689195845,-0.539724946255032,1.2998710133656,5.44974637151235
"Adrian Gonzalez",0.710613981396998,0.549480313658928,1.5425910218638,-0.842142666098655,0.645172770156803,2.60571542097787
"Ian Kinsler",0.461981933576378,1.92191748383339,0.725919612562721,0.295523994265451,1.06085738193993,4.46620040617788
"Matt Kemp",1.23895708301581,0.847566214873292,1.7553856848507,-0.381315664432182,0.328335966190735,3.78892928449836
"Billy Hamilton",-1.18520538323523,0.710943510150042,-1.12596907613408,6.24307248452337,-0.536461479394165,4.10638005590994
"Nelson Cruz",2.55981483706286,1.23880396021714,1.87616103411353,-0.626130009067495,0.885237144276806,5.93388696660284
"Kyle Seager",1.27003608899339,1.13323187020372,1.46207412235524,-0.410117352036336,0.677592436590568,4.13281716610659
"Kole Calhoun",0.508600442542744,1.26985457492697,0.731670819670475,-0.4965224148488,0.231632664005218,2.24523608629661
"Jason Kipnis",-0.0197426590760723,1.05250027195817,0.346339943450954,0.612342557911151,0.739767010916787,2.73120712516099
"Brian Dozier",1.96931372348888,1.79771502499408,1.16876255985978,0.713148464525692,-0.684588178336287,4.96435159453215
"Chris Carter",1.31665459795976,-0.201944562318947,0.403852014528495,-0.65493169667165,-1.72314450024115,-0.859514146743498
"Chris Davis",2.6375123520068,1.51825949260561,1.72662964931193,-0.726935915682037,-1.86065582524576,3.29480975299654
"Christian Yelich",0.151191873800604,1.09597113255193,1.0537384177047,0.569140026504919,1.88123743429109,4.75127888485325
"Todd Frazier",2.20240626832072,1.07734076372603,1.48507895078626,0.626743401713228,-1.29666319701087,4.09490618753536
"Nolan Arenado",2.74628887292832,1.92191748383339,2.77910055003092,-0.582927477661264,1.74394264037697,8.60832206950834
"Carlos Santana",1.50312863382522,1.40647727965022,1.14000652432101,-0.1797038512031,-0.786397928290342,3.08351065830302
"Jonathan Lucroy",0.259968394722125,0.388017117167814,0.61089547040764,-0.510923258650877,1.15236383417259,1.90032155781929
"Jason Heyward",-0.517006754717312,0.332126010690121,-0.119507832277124,0.655545089317383,-0.135039206748923,0.216117306264146
"Dustin Pedroia",-0.346072221840636,1.12081162431979,0.219813387080365,-0.237307226411409,2.01687975272812,2.77412531587623
"Hunter Pence",0.244428891733336,0.437698100703542,0.651153920161919,-0.438919039640491,0.770291428521291,1.6646533014796
"Starlin Castro",0.259968394722125,0.139612199489178,0.5533833993301,-0.410117352036336,0.393126072115459,0.935972713620525
"Matt Holliday",0.337665909666068,-0.25783566879664,0.438359257175019,-0.726935915682037,-0.220637082453331,-0.429383500090921
"Jay Bruce",1.13018056209429,0.388017117167814,1.06524083192021,-0.266108914015563,-1.31567492714434,1.00165467002242
"Kolten Wong",-0.470388245750945,0.0464603553596893,-0.269039217078729,0.583540870306996,-0.264074901037771,-0.37350113820076
"Joey Votto",1.13018056209429,1.55552023025741,1.24927945936834,-0.0788979445885588,2.2220683138717,6.07815062100318
"Matt Carpenter",0.695074478408209,1.49341900083775,0.840943754717802,-0.611729165265418,0.333018585433608,2.75072665413195
"Alex Gordon",0.337665909666068,0.375596871283883,-0.0447421398763211,-0.0500962569844042,-1.09435965874403,-0.475935274654806
"Dee Gordon",-1.54261395197737,1.3195355584627,-0.83840872074638,5.00459991754472,1.62230833628742,5.56542113957109
"Devin Mesoraco",-0.40823023379579,-1.31355656893085,-0.89592079182392,-0.683733384275805,-1.00333053431114,-4.3047715131375
"Marcell Ozuna",0.726153484385787,0.636422034846451,0.915709447118605,-0.683733384275805,0.348115802105527,1.94266738418056
"Mookie Betts",1.23895708301581,2.21379326210579,1.5425910218638,1.66360415546279,3.12119555292599,9.78014107537418
"Evan Gattis",1.02140404117277,-0.45655960293955,0.202559765757103,-0.755737603286191,-0.512189682065581,-0.500523081361446
"Manny Machado",2.26456428027587,1.82255551676194,1.72662964931193,-0.165303007401022,1.99330249463404,7.64174893358275
"Mark Trumbo",2.34226179521981,0.984188919596542,1.65761516401888,-0.698134228077882,-0.365259996949843,3.92067165380751
"Pablo Sandoval",-0.439309239773368,-0.661493660024425,-0.343804909479532,-0.8133409784945,0.126024260910023,-2.1319245268618
"Elvis Andrus",-1.02981035334734,0.506009453065167,0.0472771738477436,1.77881090587941,0.98749814408939,2.28978532353437
"Brett Gardner",-0.5325462577061,0.959348427828678,-0.332302495264024,0.799553527338156,-0.275860449797367,0.618192752399343
"Matt Adams",-0.687941287593988,-1.52470074895769,-0.993691312655739,-0.798940134692423,-0.285988754904443,-4.29126223880428
"Salvador Perez",0.695074478408209,-0.189524316435015,0.36934477188197,-0.856543509900732,-0.401452529747785,-0.383101105793353
"Ryan Zimmerman",-0.0663611680424385,-0.363407758810061,-0.11375662516937,-0.582927477661264,-0.887285183324991,-2.01373821300812
"Leonys Martin",-0.470388245750945,0.0899312159534506,-0.487585087173383,1.63480246785864,-0.911718354851535,-0.144958003963775
"Daniel Murphy",0.353205412654857,1.02144965724834,1.58284947161807,-0.222906382609332,3.29811414688138,6.03271230579332
"Gregory Polanco",0.430902927598801,1.19533309962338,0.835192547610048,1.43319065462956,-0.0284090245980954,3.86621020486369
"Charlie Blackmon",0.974785532206406,1.85360613147177,0.547632192222346,1.86521596869187,2.2734135777031,7.5146534022955
"Yan Gomes",-0.314993215863058,-0.990630175948618,-0.539345951143169,-0.8133409784945,-1.29404692741181,-3.95235724886116
"David Wright",-1.09196836530249,-1.60543234720324,-1.50554874524585,-0.568526633859186,-0.400846057617741,-5.17232214922851
"Lucas Duda",0.819390502318519,-0.12121296407339,0.271574251050152,-0.755737603286191,-0.846144008031945,-0.632129822022856
"Chase Utley",-1.09196836530249,-1.1396731265558,-1.2985052893667,-0.669332540473727,-0.750348244723478,-4.9498275664222
"Jorge Soler",0.213349885755759,-0.0963724723055267,0.0357747596322356,-0.683733384275805,-0.23509986369319,-0.766081074886528
"Brandon Moss",0.866009011284885,0.0029894947659279,0.300330286588922,-0.784539290890346,-1.66388186274917,-1.27909236099979
"Josh Harrison",-0.998731347369762,0.263814658328496,-0.240283181539959,0.929161121556851,1.21850045380815,1.17246170478378
"Yadier Molina",-0.998731347369762,-0.655283537082459,-0.240283181539959,-0.582927477661264,1.15249412874591,-1.32473141490754
"Melky Cabrera",-0.268374706896692,0.512219576007133,0.817938926286786,-0.539724946255032,1.51927622680065,2.04133507594285
"Eric Hosmer",0.772771993352153,1.08976100960996,1.72662964931193,-0.294910601619718,0.833855652113818,4.12810770276814
"A.J. Pollock",0.151191873800604,1.35058617317253,0.0472771738477436,2.15323284473342,1.43079926970047,5.13308733525476
"J.D. Martinez",1.59636565175796,0.934507936060815,1.29528911623037,-0.539724946255032,1.29899605605962,4.58543381385373
"Wil Myers",1.14572006508308,1.28848494375287,1.26078187358385,1.33238474801501,-0.264154123666914,4.7632175067679
"Howie Kendrick",-0.812257311504297,0.0464603553596893,-0.389814566341564,0.0651104934322141,0.312228769823507,-0.778272259230451
"Brian McCann",0.44644243058759,-0.220574931144845,0.173803730218333,-0.8133409784945,-1.09604459471399,-1.50971434354741
"Neil Walker",0.772771993352153,0.42527785481961,0.599393056192132,-0.539724946255032,0.313756505911106,1.57147446401997
"Jayson Werth",-0.159598185975171,0.0278299865337915,-0.205775938893434,-0.510923258650877,-0.7794783515504,-1.62794574853609
"Pedro Alvarez",-0.179577546960756,-1.3942881671764,-0.926320029393477,-0.704306018278772,-0.514978201898574,-3.71946996370798
"Ben Zobrist",-0.0663611680424385,1.02144965724834,0.329086322127692,-0.294910601619718,0.384258332483525,1.3735225421974
"Matt Wieters",-0.221756197930326,-0.83537710239947,-0.257536802863221,-0.784539290890346,-0.371170888378251,-2.47038028246161
"Joe Mauer",-0.672401784605199,0.276234904212428,-0.0102348972297968,-0.669332540473727,0.163520846441962,-0.912213471654333
"Xander Bogaerts",0.306586903688491,1.5927809679092,1.21477221672182,0.223519775255064,2.03696411476748,5.37462397834206
"Ben Revere",-1.74462749083162,-1.02789091360041,-1.59181685186216,0.914760277754774,0.250155817596189,-3.19941916094323
"Shin-Soo Choo",0.182270879778181,0.506009453065167,-0.102254210953862,-0.0644971007864815,-0.247870233824726,0.273658787278279
"Martin Prado",-0.812257311504297,0.195503305966871,0.150798901787317,-0.683733384275805,1.47227173516921,0.322583247143297
"Kris Bryant",2.29564328625345,2.18274264739596,2.03719483313064,0.266722306661296,1.2764696646209,8.05877273806225
"Jhonny Peralta",-0.268374706896692,-0.332357144100231,-0.240283181539959,-0.755737603286191,0.0272207042976987,-1.56953193152537
"Rougned Odor",1.61190515474674,1.27606469786894,1.49658136500176,0.453933276088301,0.693796155357599,5.53228064906335
"Carlos Beltran",0.617376963464266,0.0402502324177234,0.651153920161919,-0.784539290890346,0.534431587664141,1.0586734128177
"Alcides Escobar",-1.12304737128007,0.338336133632087,-0.303546459725253,1.02996702817139,0.0377516636569045,-0.0205390055449416
"Russell Martin",0.384284418632435,-0.102582595247493,0.375095978989724,-0.568526633859186,-1.33186896253699,-1.24359779402151
"Jedd Gyorko",0.92816702324004,-0.28888628350647,0.242818215511381,-0.726935915682037,-0.820792694636102,-0.665629655073187
"Jean Segura",-0.190677191952748,1.33195580434663,-0.0102348972297968,2.31164212655627,1.34975630743316,4.79244214915352
"Lorenzo Cain",-0.392690730807002,0.760624493685769,0.530378570899084,1.41878981082748,1.25357580944837,3.5706779540537
"Javier Baez",0.32212640667728,-0.0653218575956971,0.392349600312987,0.583540870306996,-0.0479471941615537,1.18474782554001
"Yasmani Grandal",0.741692987374575,-0.388248250577925,0.242818215511381,-0.698134228077882,-1.43163331802685,-1.5335045937967
"Curtis Granderson",1.02140404117277,1.05250027195817,0.0127699312012194,-0.237307226411409,-1.3357382792306,0.51362873869015
"Brandon Belt",0.44644243058759,0.760624493685769,0.79493409785577,-0.453319883442568,0.312746085145157,1.86142722383172
"Nick Castellanos",0.508600442542744,0.183083060082939,0.714417198347213,-0.698134228077882,0.321090686169866,1.02905715906488
"Scooter Gennett",-0.889954826448241,-0.916108700645027,-1.0857106263798,-0.424518195838414,0.146920380310001,-3.16937196900148
"Travis d'Arnaud",-0.5325462577061,-0.897478331819129,-0.89592079182392,-0.8133409784945,-0.509415757099453,-3.6487021169431
"Asdrubal Cabrera",0.368744915643646,0.450118346587473,0.202559765757103,-0.266108914015563,-0.00197852665867779,0.753335587313981
"Steve Pearce",0.228889388744547,-0.543501324127072,-0.41281939477258,-0.726935915682037,0.074859516048613,-1.37950772978853
"Andrelton Simmons",-1.10750786829128,-0.133633209957322,-0.251785595755467,-0.0500962569844042,0.422264109565457,-1.12075882142302
"Adam Eaton",-0.439309239773368,1.5927809679092,-0.00448369012204279,0.756350995931924,1.63546987842037,3.54080891236608
"Yasmany Tomas",0.834930005307308,0.0899312159534506,0.622397884623148,-0.510923258650877,0.216211341131684,1.25254718836471
"Wilson Ramos",-0.5325462577061,-1.4315489048282,-0.872915963392904,-0.870944353702809,-0.0266923142451653,-3.73464779387518
"Joc Pederson",1.27003608899339,0.499799330123201,0.513124949575822,0.0651104934322141,-1.18959265339241,1.15847820873222
"Chase Headley",-0.237295700919114,-0.00943075111800392,-0.136761453600386,-0.33811313302595,-0.66474054726959,-1.38634158593304
"Steven Souza",0.32212640667728,0.0340401094757575,-0.165517489139156,0.295523994265451,-1.19479321929334,-0.708620198014005
"Mike Zunino",0.368744915643646,-0.767065750037845,-0.240283181539959,-0.842142666098655,-1.8486829108314,-3.32942959286422
"Khris Davis",2.29564328625345,1.02144965724834,1.72087844220417,-0.525324102452955,-0.968626877259444,3.54402040599356
"Denard Span",-0.78117830552672,0.692313141324144,-0.539345951143169,0.741950152129846,0.62449480487195,0.738233841656052
"Adam Lind",-0.346072221840636,-0.891268208877163,-0.401316980557072,-0.856543509900732,-0.0294842423887246,-2.52468516356433
"J.J. Hardy",-0.517006754717312,-0.450349479997584,-0.41281939477258,-0.842142666098655,-0.597921594236709,-2.82023988982284
"Miguel Montero",-1.12304737128007,-1.77931578957829,-1.39052460309077,-0.798940134692423,-0.785812878355893,-5.87764077699744
"Lonnie Chisenhall",-0.563625263683678,-0.444139357055618,0.0357747596322356,-0.33811313302595,0.256754963723185,-1.05334803040983
"Josh Reddick",0.0734943588566601,0.0402502324177234,0.0530283809554977,-0.0644971007864815,0.455363200636566,0.557639072079966
"Mike Napoli",1.13018056209429,0.332126010690121,0.651153920161919,-0.4965224148488,-1.5455167454154,0.0714213326821356
"Brett Lawrie",-0.666185983409683,-1.31479859351924,-1.11561690334012,-0.447559545921737,-0.430465125554633,-3.97462615174542
"Rajai Davis",-0.672401784605199,0.0775109700695188,-0.648618886190496,2.23963790754588,-0.709940748639313,0.286187458180395
"Derek Norris",-0.744919465219546,-1.11276259380728,-0.959184070009215,-0.405317070768977,-1.04532043137506,-4.26750363118008
"Nick Markakis",-0.672401784605199,0.313495641864223,0.28307666526566,-0.741336759484114,0.763185391330385,-0.0539808456290449
"Kendrys Morales",1.15237985207828,0.486491923818988,1.34787158121555,-0.852428983100139,0.189486273485801,2.32380064749848
"Avisail Garcia",-0.128519179997593,0.0029894947659279,-0.0389909327685671,-0.237307226411409,-0.51225580230218,-0.914083646713822
"Jed Lowrie",-1.06088935932492,-0.568341815894936,-0.740638199914561,-0.784539290890346,-0.616382476148626,-3.77079114217339
"Brandon Phillips",-0.78117830552672,-0.183314193493049,-0.165517489139156,0.425131588484146,1.01630489136369,0.31142649168891
"Jason Castro",-0.439309239773368,-0.754645504153913,-0.792399063884347,-0.726935915682037,-1.84346383149485,-4.55675355498852
"Trevor Plouffe",0.0734943588566601,-0.208154685260913,0.346339943450954,-0.683733384275805,-0.565141034003699,-1.0371948012328
"Angel Pagan",-1.26290289817917,-1.04652128242631,-1.27358339189977,0.0171076807586231,0.133315517019719,-3.43258437472691
"Chris Owings",-1.15412637725765,-0.39445837351989,-0.539345951143169,0.972363652963083,0.0863140110233097,-1.02925303793432
"Didi Gregorius",-0.035282162064861,0.108561584779348,0.0587795880632517,-0.280509757817641,0.204229988718876,0.0557792416789741
"Mike Moustakas",0.741692987374575,0.207923551850803,0.495871328252559,-0.698134228077882,-0.044786951853864,0.702566687546192
"Norichika Aoki",-1.41829792806706,-0.785696118863743,-1.43078305284505,0.0507096496301368,0.422846144075792,-3.16122130606992
"Colby Rasmus",0.44644243058759,-0.506240586475277,-0.165517489139156,-0.539724946255032,-1.84158425364598,-2.60662484492785
"Nick Franklin",-0.734559796560354,-1.16451361832366,-0.907423206039428,0.0219079620259822,-0.992836838213983,-3.77742549711145
"John Jaso",-0.967652341392185,-1.07757189713614,-1.05695459084103,-0.726935915682037,0.0946566286715458,-3.73445811637985
"Brad Miller",0.943706526228829,0.543270190716962,0.79493409785577,-0.00689372557817235,-0.82049593481417,1.45452115440922
"Logan Morrison",-0.268374706896692,-0.711174643560152,-0.493336294281137,-0.33811313302595,-0.909367699145033,-2.72036647690896
"David Freese",-0.594704269661255,-0.555921570011004,-0.418570601880334,-0.856543509900732,-0.241809580175732,-2.66754953162906
"Jonathan Schoop",1.05248304715035,0.499799330123201,0.731670819670475,-0.669332540473727,-0.103586505533213,1.51103415093709
"Kennys Vargas",0.632916466453054,-0.102582595247493,0.162301316002825,-0.8133409784945,-1.26462062291181,-1.38532641419793
"Dexter Fowler",-0.159598185975171,1.3381659272886,-0.458829051634613,0.698747620723615,-0.117112334538241,1.30137397586419
"Michael Saunders",0.275507897710913,-0.0591117346537312,-0.263288009970975,-0.626130009067495,-0.864964766109538,-1.53798662209083
"Marcus Semien",0.850469508296096,0.555690436600894,0.403852014528495,0.237920619057141,-1.07837673763315,0.969555840849475
"Tyler Flowers",-0.625783275638833,-1.43775902777016,-0.746389407022315,-0.842142666098655,-0.586889077020679,-4.23896345355065
"Matt Joyce",-0.268374706896692,-0.512450709417243,-0.41281939477258,-0.698134228077882,-1.45400044260511,-3.34577948176951
"Jordy Mercer",-0.734559796560354,-0.406878619403822,-0.297795252617499,-0.669332540473727,-0.365786724661296,-2.4743529337167
"Joey Gallo",0.104573364834238,-0.876186481732389,-0.623970855728693,-0.556183053457406,-1.45929263794574,-3.41105966402999
"Brandon Crawford",-0.0663611680424385,0.282445027154394,0.869699790256573,-0.222906382609332,-0.181508477896978,0.681368788862218
"Joe Panik",-0.687941287593988,0.549480313658928,-0.00448369012204279,-0.410117352036336,0.49381411024436,-0.0592479058490787
"Jon Jay",-1.52707444898858,-0.798116364747675,-1.2870028751512,-0.582927477661264,0.0519461759319253,-4.14317499061679
"David Peralta",-0.0974401740200159,0.114771707721314,0.265823043942397,-0.194104695005177,0.882701829878491,0.97175171251701
"Francisco Lindor",0.0890338618454488,1.56794047614134,1.15726014564427,1.20277715379632,2.44484595053763,6.46185758796501
"Kevin Kiermaier",-0.112979677008805,0.574320805426792,-0.280541631294237,1.5339965612441,-0.288552617816143,1.4262434405517
"Chris Iannetta",-1.04534985633613,-1.7047943142747,-1.4365342599528,-0.842142666098655,-1.1344697319589,-6.16329082862118
"Stephen Vogt",-0.0974401740200159,-0.208154685260913,0.093286830709776,-0.856543509900732,-0.220500967477255,-1.28935250594914
"DJ LeMahieu",-0.672401784605199,1.41889752553416,0.254320629726889,0.741950152129846,2.84069885592214,4.58346537870783
"Randal Grichuk",1.22341758002703,0.512219576007133,0.932963068441867,-0.237307226411409,-0.848148717333113,1.5831442807315
"Maikel Franco",1.27003608899339,0.692313141324144,1.49083015789401,-0.683733384275805,0.214752945384638,2.98419894932038
"Jose Iglesias",-1.26290289817917,-0.164683824667152,-0.832657513638626,0.180317243848832,0.491223520758124,-1.58870347187799
"Jose Ramirez",-1.43383743105585,-1.3756577983505,-1.49404633103034,0.0651104934322141,0.475082702123739,-3.76334836488074
"Seth Smith",-0.035282162064861,-0.0156408740599698,-0.0792493825228454,-0.842142666098655,-0.329800716704216,-1.30211580145055
"Cody Asche",-0.972832175721781,-1.49365013424786,-1.37327098176751,-0.65493169667165,-0.830011446739631,-5.32469643514842
"Justin Smoak",0.0579548558678713,-0.791906241805709,-0.418570601880334,-0.798940134692423,-1.53329913769434,-3.48476126020493
"C.J. Cron",0.337665909666068,-0.301306529390402,0.513124949575822,-0.554125790057109,0.230607157470254,0.225965697264633
"Jake Lamb",0.866009011284885,0.69852326426611,1.12275290299775,-0.294910601619718,-0.6668773673173,1.72549720961173
"Alexi Amarista",-1.60477196393252,-1.9407789860694,-1.65508013004745,-0.194104695005177,-0.207530803877043,-5.6022665789316
"Yonder Alonso",-0.983191844380973,-0.630443045314595,-0.59685802222071,-0.539724946255032,-0.0559536842711237,-2.80617154244243
"Zack Cozart",-0.221756197930326,0.0899312159534506,-0.280541631294237,-0.323712289223873,-0.749625474085197,-1.48570437658018
"Devon Travis",-0.190677191952748,0.524639821891064,0.0645307951710058,-0.165303007401022,1.12834372385903,1.36153414156733
"Adeiny Hechavarria",-1.34060041312311,-0.264045791738606,-0.516341122712153,-0.467720727244645,-0.341142905868954,-2.92985096068747
"Mitch Moreland",0.306586903688491,-0.462769725881515,0.294579079481168,-0.784539290890346,-0.407271199935836,-1.05341423353804
"Ender Inciarte",-1.10750786829128,1.15807236197159,-0.769394235453331,1.4043889670254,1.63150273629473,2.31706196154711
"Wilmer Flores",-0.144058682986382,-0.717384766502118,-0.326551288156269,-0.755737603286191,0.0604272090423214,-1.88330513188864
"Luis Valbuena",-0.0974401740200159,-0.568341815894936,-0.510589915604399,-0.741336759484114,-0.971513520278024,-2.88922218528149
"Francisco Cervelli",-1.38721892208948,-0.704964520618186,-0.901671998931674,-0.438919039640491,0.13339782329959,-3.29937665798024
"Yunel Escobar",-0.998731347369762,0.0837210930114847,-0.717633371483545,-0.741336759484114,1.11212719386374,-1.2618531914622
"Welington Castillo",0.104573364834238,-0.791906241805709,0.0415259667399896,-0.726935915682037,-0.649605888601117,-2.02234871451464
"Chris Coghlan",-1.29842176215354,-1.78463875209997,-1.7873578935258,-0.57264116065978,-0.659792636185742,-6.10285220462484
"Melvin Upton",-0.377151227818213,-0.791906241805709,-0.849911134961888,0.799553527338156,-1.17948643641111,-2.39890151365876
"Chris Young",-1.01427085035855,NA,NA,NA,NA,NA
"Yangervis Solarte",0.0113363469015052,0.195503305966871,0.691412369916197,-0.741336759484114,0.63323390466617,0.79014916796663
"Kevin Pillar",-0.641322778627621,0.183083060082939,-0.0677469683073373,1.02996702817139,0.523545575088153,1.02752591640753
"Andre Ethier",-0.967652341392185,-1.46259951953803,-1.17772994010387,-0.726935915682037,-0.0330969683996099,-4.36801468511573
"Gerardo Parra",-0.874415323459452,-0.500030463533311,-0.780896649668839,-0.0788979445885588,0.365625548334581,-1.86861483291558
"Jose Peraza",-1.04534985633613,0.176872937140973,-0.320800081048515,2.77246912822274,1.14613015975449,2.72932228773356
"Jackie Bradley Jr.",0.524139945531533,0.984188919596542,0.817938926286786,0.0363088058280595,-0.342802732523394,2.01977386471953
"Freddy Galvis",-0.299453712874269,-0.555921570011004,-0.343804909479532,0.252321462859219,-0.852326244388411,-1.799184973894
"Nick Hundley",-1.27844240116796,-1.9594093548953,-1.52280236656911,-0.755737603286191,-0.29230154817036,-5.80869327408892
"Danny Espinosa",0.244428891733336,-0.0591117346537312,-0.14251266070814,-0.0644971007864815,-2.73847874411257,-2.76017134852758
"Michael Taylor",-1.02981035334734,-1.50607038013179,-1.4365342599528,0.396329900879992,-0.959164430264013,-4.53524952281595
"Addison Russell",0.632916466453054,0.661262526614314,1.04798721059695,-0.280509757817641,-0.759886440556409,1.30177000529027
"Byron Buxton",0.19781038276697,0.72957387897594,0.0530283809554977,1.02996702817139,-1.18419121296731,0.826188457902489
"Jarrod Dyson",-1.51153494599979,-0.28888628350647,-1.11446666191857,3.37730456790999,-0.134274909165742,0.328141767319413
"Ryan Rua",-0.734559796560354,-1.05894152831024,-1.23524201118141,-0.222906382609332,-0.409081088623585,-3.66073080728492
"Robbie Grossman",-0.796717808515509,-0.847797348283402,-1.02244734819451,-0.280509757817641,-0.494309658475625,-3.44178192128669
"Mark Reynolds",-0.641322778627621,-1.44396915071213,-1.18348114721162,-0.741336759484114,-0.296673330807409,-4.3067831668429
"Corey Seager",1.06802255013914,1.74182391851638,1.06524083192021,-0.438919039640491,2.17339003988015,5.60955830081539
"Brandon Guyer",-1.04534985633613,-1.04031115948435,-1.2237395969659,-0.424518195838414,0.24785051721243,-3.48606829141236
"James McCann",-0.750099299549142,-1.1396731265558,-0.637116471974988,-0.726935915682037,-1.07790252903882,-4.33172734280079
"Jonathan Villar",0.0113363469015052,1.27606469786894,-0.0102348972297968,4.91819485473226,-0.100935451892703,6.0944255503802
"Miguel Sano",1.86053720256736,0.72957387897594,1.30104032333813,-0.669332540473727,-1.34412696713961,1.87769189726809
"Stephen Piscotty",0.44644243058759,1.00281928842244,1.20326980250631,-0.0644971007864815,0.615648049247785,3.20368246997764
"Martin Maldonado",-0.921033832425818,-1.48122988836392,-1.29275408225895,-0.8133409784945,-1.47467352728478,-5.98303230882797
"Justin Turner",0.741692987374575,0.797885231337565,1.16876255985978,-0.352513976828027,1.15661735510463,3.51244415684853
"Andrew Susac",-1.02981035334734,-1.69858419133273,-1.44803667416831,-0.842142666098655,-0.848700064281598,-5.86727394922863
"Logan Forsythe",0.337665909666068,0.773044739569701,-0.027488518553059,-0.0500962569844042,0.155242627989985,1.18836850168829
"Eduardo Nunez",-0.40823023379579,0.102351461837382,0.0127699312012194,2.49885309598327,0.969450902836199,3.17519515806228
"Cameron Maybin",-1.12304737128007,-0.28888628350647,-0.642867679082742,0.756350995931924,0.0601311958693814,-1.23831914206798
"Derek Dietrich",-0.750099299549142,-0.779485995921777,-0.878667170500658,-0.726935915682037,-0.340649310346167,-3.47583769199978
"Danny Valencia",-0.00420315608728356,-0.139843332899288,-0.188522317570172,-0.726935915682037,0.353049332886284,-0.706455389352497
"Marwin Gonzalez",-0.967652341392185,-1.35702742952461,-1.26974925382793,-0.309311445421795,-0.188807758801698,-4.09254822896822
"Billy Burns",-1.76016699382041,-1.74826517486846,-2.02315738494371,0.295523994265451,-0.116763949271724,-5.35282950863886
"Eugenio Suarez",0.508600442542744,0.512219576007133,0.576388227761116,0.151515556244678,-0.684807468280379,1.06391633427529
"Jace Peterson",-1.3561399161119,-1.23903509362725,-1.35601736044424,-0.1797038512031,-0.640992955189648,-4.77188917657615
"Domingo Santana",0.648455969441843,0.189293183024905,0.36934477188197,-0.237307226411409,-0.630666511349501,0.339120186587809
"Cesar Hernandez",-1.24736339519038,0.388017117167814,-0.671623714621512,1.10197124718178,0.80055328801676,0.371554542554459
"Blake Swihart",-1.54261395197737,-1.87246763370778,-1.83911875749558,-0.640530852869573,-0.179976261915427,-6.07470745796573
"Carlos Correa",1.08356205312793,1.20154322256535,1.99693638337637,0.98676449676516,1.30749079695364,6.57629695278844
"Aledmys Diaz",0.182270879778181,0.586741051310724,0.392349600312987,-0.194104695005177,0.815003987380459,1.78226082377717
"Delino DeShields Jr.",-1.38721892208948,-0.928528946528959,-1.60907047318542,0.842756058744387,-0.737014627384621,-3.8190769104441
"Ezequiel Carrera",-1.24736339519038,-0.996840298890584,-1.38477339598301,0.165916400046755,-0.552524317892516,-4.01558500790974
"Kyle Schwarber",1.68960266969069,1.35058617317253,1.01923117505818,-0.280509757817641,-0.0363258130473039,3.74258444705645
"Trea Turner",0.151191873800604,1.55552023025741,0.317583907912184,3.92453663238893,2.29471001339254,8.24354265775166
"Trevor Story",1.73622117865705,1.14565211608766,1.32404515176914,0.626743401713228,-0.195090380529583,4.6375714676975
"Gary Sanchez",1.30111509497097,0.28865515009636,0.817938926286786,-0.33811313302595,-0.00142051752555801,2.06817552080261
"Alex Bregman",0.757232490363364,1.18291285373945,1.21477221672182,0.0651104934322141,0.297741697987485,3.51776975224433
"Odubel Herrera",-0.314993215863058,1.04008002607423,-0.326551288156269,1.41878981082748,1.01122195006573,2.82854728294812
"Andrew Benintendi",-0.112979677008805,0.723363756033974,0.559134606437854,0.453933276088301,1.06646639943323,2.68991836098456
"David Dahl",0.151191873800604,0.226553920676701,0.087535623602022,0.612342557911151,0.645074434466593,1.72269841045707
"Willson Contreras",0.0579548558678713,-0.164683824667152,0.133545280464054,-0.352513976828027,0.370418149838812,0.0447204846755587
"Adam Duvall",1.73622117865705,0.735784001917905,1.58860067872583,-0.33811313302595,-1.54250722818838,2.17998549808645
"J.T. Realmuto",-0.563625263683678,-0.251625545854674,-0.280541631294237,0.252321462859219,0.862767509692732,0.0192965317193611
"Nomar Mazara",0.617376963464266,0.437698100703542,0.754675648101492,-0.755737603286191,0.256084928413127,1.31009803739623
"Keon Broxton",0.0579548558678713,0.15203244537311,-0.240283181539959,2.87327503483728,-1.60613082623125,1.23684832830705
"Ryon Healy",0.44644243058759,0.28865515009636,0.507373742468067,-0.755737603286191,0.639786081094223,1.12651980096005
"Eric Thames",1.09910155611672,0.586741051310724,0.932963068441867,0.338726525671682,-0.0775716114492933,2.8799605900917
"Tommy Joseph",1.31665459795976,0.0961413388954166,0.662656334377427,-0.669332540473727,-0.217850908407795,1.18826882235108
"Tim Anderson",-0.517006754717312,0.710943510150042,-0.407068187664826,1.4043889670254,0.262534955187202,1.45379248998051
"Dansby Swanson",-0.377151227818213,0.822725723105428,0.191057351541595,0.19471808765091,-0.0163223456695733,0.815027588810146
"Greg Bird",0.850469508296096,0.0340401094757575,0.415354428744003,-0.683733384275805,-0.389879404067807,0.226251258172244
"Hunter Renfroe",0.80385099932973,0.189293183024905,0.570637020653362,-0.352513976828027,-0.560487776227943,0.650779449952027
"Max Kepler",0.182270879778181,0.363176625399951,0.82369013339454,0.0651104934322141,-0.639802243196067,0.794445888808819
"Jung-Ho Kang",0.120112867823026,-0.72980501238605,-0.194273524677926,-0.554125790057109,-0.147688980095593,-1.50578043939365
"Michael Conforto",0.0268758498902939,-0.468979848823481,-0.269039217078729,-0.640530852869573,-0.30210510709097,-1.65377917597246
"Yulieski Gurriel",-0.159598185975171,-0.189524316435015,0.0645307951710058,-0.410117352036336,0.059474556998958,-0.635234502276559
"Justin Bour",0.617376963464266,-0.251625545854674,0.559134606437854,-0.770138447088268,-0.118580866261566,0.0361667106976111
"Hernan Perez",-0.858875820470664,-0.909898577703061,-0.631365264867234,1.41878981082748,0.0929888166205521,-0.888361035592928
"Josh Bell",-0.293237911678754,-0.122454988661783,-0.0021832072789413,-0.539724946255032,0.40016647453575,-0.55743457933876
"Manuel Margot",-0.967652341392185,0.207923551850803,-0.493336294281137,1.76441006207733,-0.265861819458462,0.245483158796353
"Ryan Schimpf",0.897088017262463,-0.0156408740599698,0.323335115019938,-0.683733384275805,-1.87436993375779,-1.35332105981116
"Cameron Rupp",-0.299453712874269,-1.21419460185939,-0.585355608005202,-0.784539290890346,-1.01670023295804,-3.90024344658725
"Yoan Moncada",-0.552525618691686,-0.485835896808817,-0.794863866930528,1.35295738201798,-1.16826087974928,-1.64852888016232
"Tyler Naquin",-0.268374706896692,-0.0342712428858676,-0.234531974432205,0.1371147124426,0.385283749651235,-0.0147794621209287
"Travis Jankowski",-1.3561399161119,0.102351461837382,-1.26974925382793,2.83007250343105,-0.992828279137315,-0.686293483808717
"Mitch Haniger",0.135652370811815,-0.295096406448436,0.087535623602022,-0.165303007401022,-0.657265927812792,-0.894477347248413
"Brandon Drury",0.0113363469015052,0.102351461837382,0.202559765757103,-0.640530852869573,0.457581491908837,0.133298213535255
"Orlando Arcia",-0.548085760694889,0.102351461837382,-0.0734981754150914,1.2171779975984,-1.1335216808877,-0.435576157561903
"Scott Schebler",0.399823921621223,-0.0404813658278335,0.219813387080365,-0.222906382609332,-0.498046887485214,-0.141797327220791
"Travis Shaw",0.259968394722125,-0.295096406448436,0.116291659140792,-0.467720727244645,-1.13239552087956,-1.51895260070972
"Tom Murphy",-0.423769736784579,-1.30113632304691,-0.83840872074638,-0.683733384275805,-0.369535683843659,-3.61658384869734
"Roman Quinn",-1.34060041312311,-1.21419460185939,-1.63207530161644,0.972363652963083,-0.505701579075732,-3.72020824271159
"Aaron Judge",0.586297957486688,-0.0963724723055267,0.156550108895071,-0.410117352036336,-1.25099766611591,-1.01463942407601
"Jorge Polanco",-0.610243772650044,-0.158473701725186,-0.0965030038461075,0.309924838067528,0.271859989939967,-0.283435650213843
"Austin Hedges",-0.268374706896692,-0.798116364747675,-0.303546459725253,-0.726935915682037,-1.09216492006737,-3.18913836711903
"Matt Duffy",-0.641322778627621,0.226553920676701,-0.0734981754150914,0.266722306661296,0.189208497821939,-0.0323362288827772
"Adonis Garcia",-0.190677191952748,-0.195734439376981,0.0702820022787598,-0.467720727244645,0.290549799045319,-0.493300557250296
"Tony Wolters",-1.3561399161119,-1.24524521656922,-1.03970096951777,-0.395716508234259,-0.623518252455366,-4.66032086288852
"Raul Mondesi",-0.921033832425818,-1.01547066771648,-1.0857106263798,1.27478137280671,-1.37192777354191,-3.11936152725731
"Brett Eibner",-0.865091621666179,-1.51352252766215,-1.41928063862954,-0.585807646421679,-0.959984886806086,-5.34368732118563
"Andrew Toles",-0.812257311504297,-0.618022799430663,-0.729135785699053,0.698747620723615,0.3668470833823,-1.0938211925281
"Sandy Leon",-1.10750786829128,-1.18314398714956,-1.18923235431938,-0.8133409784945,-0.322628755308106,-4.61585394356283
"Mallex Smith",-1.30952140714554,-1.10862251184597,-1.35601736044424,1.51959571744202,-0.478432908545149,-2.73299847053888
"Alex Dickerson",-0.563625263683678,-0.512450709417243,-0.62561405775948,-0.467720727244645,0.0396127396014132,-2.12979801850363
"Hyun-soo Kim",-0.5325462577061,-0.363407758810061,-0.878667170500658,-0.568526633859186,0.713306845931899,-1.62984097494411
"Ketel Marte",-1.62031146692131,-0.760855627095879,-1.2237395969659,0.482734963692455,0.574596996506035,-2.5475747307846
"Eddie Rosario",-0.268374706896692,-0.071531980537663,-0.349556116587286,0.0651104934322141,-0.177036436732353,-0.80138874732178
"Jurickson Profar",-0.843336317481875,-0.53108107824314,-0.861413549177396,-0.33811313302595,-0.568539223831836,-3.1424833017602
"Byung-ho Park",-0.299453712874269,-1.35702742952461,-1.14322269745734,-0.698134228077882,-0.916046549331217,-4.41388461726532
"Dan Vogelbach",-0.361611724829424,-0.841587225341436,-0.579604400897448,-0.784539290890346,-0.817434604759619,-3.38477724671827
"Lewis Brinson",-0.907714258435428,-1.6214012347683,-1.3864165980138,-0.161188480600429,-0.406896202995539,-4.4836167748135
"Raimel Tapia",-1.37167941910069,-1.71100443721666,-1.70108978690949,-0.093298788390636,0.448398995043168,-4.42867343657431
"Tyler Saladino",-0.921033832425818,-1.09620226596204,-0.959184070009215,0.468334119890378,-0.378907838201727,-2.88699388670842
"Jett Bandy",-0.65686228161641,-1.3942881671764,-1.03394976241002,-0.65493169667165,-0.960697822433939,-4.70072973030842
"Ozhaino Albies",-1.6358509699101,-1.92421865822416,-1.93305514025557,-0.0980990696579952,-0.290385565177265,-5.88160940322509
"Aaron Altherr",-0.874415323459452,-1.102412388904,-0.976437691332477,0.108313024838446,-1.24295496785445,-4.08790734671194
"Jefry Marte",-0.765638802537931,-1.53623383442134,-1.24181481930456,-0.57264116065978,-0.58769310596707,-4.70402172289068
"A.J. Reed",-0.730119938563557,-1.44396915071213,-1.19580516244252,-0.868887090302513,-0.617712879455762,-4.85649422147648
"Albert Almora",-1.01427085035855,-0.953369438296822,-0.878667170500658,-0.208505538807254,-0.0130738488744716,-3.06788684683776
"Charlie Tilson",-1.2162843892128,-0.680124028850322,-1.16047631878061,0.756350995931924,-0.385678823143827,-2.68621256405564
"J.P. Crawford",-1.26290289817917,-1.27363435001821,-1.41270783050639,-0.177646587802803,-0.739834139534155,-4.86672580604073
"Cheslor Cuthbert",-0.78117830552672,-1.1583034953817,-0.953432862901461,-0.669332540473727,0.0356075529709681,-3.52663965131264
"Whit Merrifield",-1.46491643703342,-1.24524521656922,-1.52280236656911,0.180317243848832,-0.345145002122105,-4.39779177844503
"Tyler Austin",-0.921033832425818,-1.71100443721666,-1.36751977465975,-0.582927477661264,-0.499059675041984,-5.08154519700548
"Trayce Thompson",-0.594704269661255,-1.4129185360023,-1.21798838985815,-0.323712289223873,-0.771610977426948,-4.32093446217252
"Joe Wendle",-1.28362223549756,-1.58473193739669,-1.49596340006626,-0.44371932090785,-0.51301261321574,-5.3210495070841
"Chris Herrmann",-0.998731347369762,-1.40670841306033,-1.13172028324184,-0.438919039640491,-0.795970046203151,-4.77204912951557
"Bradley Zimmer",-1.03499018767694,-1.55989144562883,-1.46529029549157,0.343526806939041,-0.906598606737182,-4.62324372859547
"Clint Frazier",-0.268374706896692,-0.798116364747675,-0.637116471974988,-0.117300194727431,-0.97683028282774,-2.79773802117453
"Jarrett Parker",-0.361611724829424,-0.854007471225368,-0.83840872074638,-0.410117352036336,-1.03609151446711,-3.50023678330462
"Tyler Collins",-0.78117830552672,-1.25145533951119,-1.02244734819451,-0.395716508234259,-1.03253558567028,-4.48333308713695
"Brandon Nimmo",-1.40275842507827,-1.86004738782385,-1.84486996460334,-0.65493169667165,-0.224837409689624,-5.98744488386673
"Jeremy Hazelbaker",-1.04534985633613,-1.63648296191307,-1.55730960921564,-0.294910601619718,-0.52178177211822,-5.05583480120277
"Abraham Almonte",-1.41829792806706,-1.4501792736541,-1.45378788127606,-0.0500962569844042,-0.234889663263661,-4.60725100324528
"Joey Rickard",-1.46491643703342,-1.58680197837735,-1.75285065087927,-0.323712289223873,-0.226221898717726,-5.35450325423164
"Franklin Gutierrez",-0.361611724829424,-1.28871607716298,-1.010944933979,-0.698134228077882,-0.45019804827365,-3.80960501232294
"Bruce Maxwell",-1.37167941910069,-1.90351824841761,-1.64357771583195,-0.842142666098655,-0.477362992250644,-6.23828104169954
